{"_type":"export","__export_format":4,"__export_date":"2020-05-29T08:03:24.944Z","__export_source":"insomnia.desktop.app:v7.1.1","resources":[{"_id":"req_188ba530ce314a0f8ead6a974d147cc6","authentication":{},"body":{},"created":1590739318114,"description":"","headers":[{"description":"","id":"pair_dcfa5b74fe9f423694f75e9d40b09d01","name":"Accept","value":"application/xml"}],"isPrivate":false,"metaSortKey":-1590663077034,"method":"GET","modified":1590739318114,"name":"GET movies (200)","parameters":[],"parentId":"fld_f3b69bde32334bb1a5de7982bb7997f0","settingDisableRenderRequestBody":false,"settingEncodeUrl":true,"settingFollowRedirects":"global","settingRebuildPath":true,"settingSendCookies":true,"settingStoreCookies":true,"url":"http://localhost:9999/v1/movies","_type":"request"},{"_id":"fld_f3b69bde32334bb1a5de7982bb7997f0","created":1590739318101,"description":"","environment":{},"environmentPropertyOrder":null,"metaSortKey":-1590622197124.5,"modified":1590739318274,"name":"Movies","parentId":"wrk_7a6396c3faa54e9fbb7138421217c4b7","_type":"request_group"},{"_id":"wrk_7a6396c3faa54e9fbb7138421217c4b7","created":1589298282332,"description":"","modified":1590499679862,"name":"Cats","parentId":null,"_type":"workspace"},{"_id":"req_693b3ba94d6944f29fb54b999f43a1fe","authentication":{},"body":{},"created":1590739318172,"description":"","headers":[{"description":"","id":"pair_5c511768798e4ac4961387ebe0a564ce","name":"Accept","value":"application/json"}],"isPrivate":false,"metaSortKey":-1590663077009,"method":"GET","modified":1590739318172,"name":"GET movies (406)","parameters":[],"parentId":"fld_f3b69bde32334bb1a5de7982bb7997f0","settingDisableRenderRequestBody":false,"settingEncodeUrl":true,"settingFollowRedirects":"global","settingRebuildPath":true,"settingSendCookies":true,"settingStoreCookies":true,"url":"http://localhost:9999/v1/movies","_type":"request"},{"_id":"req_4814d1b0be1f40c180ce25473fcb27a8","authentication":{},"body":{},"created":1590739318131,"description":"","headers":[{"description":"","id":"pair_ae90f32ba8a04094a084190d96481577","name":"Accept","value":"application/json"}],"isPrivate":false,"metaSortKey":-1590663076984,"method":"GET","modified":1590739318131,"name":"GET movie (200)","parameters":[],"parentId":"fld_f3b69bde32334bb1a5de7982bb7997f0","settingDisableRenderRequestBody":false,"settingEncodeUrl":true,"settingFollowRedirects":"global","settingRebuildPath":true,"settingSendCookies":true,"settingStoreCookies":true,"url":"http://localhost:9999/v1/movies/1","_type":"request"},{"_id":"req_646a37937c6b44d6beae4f834fb570f8","authentication":{},"body":{},"created":1590739318146,"description":"","headers":[],"isPrivate":false,"metaSortKey":-1590663076934,"method":"GET","modified":1590739318146,"name":"GET movie (404)","parameters":[],"parentId":"fld_f3b69bde32334bb1a5de7982bb7997f0","settingDisableRenderRequestBody":false,"settingEncodeUrl":true,"settingFollowRedirects":"global","settingRebuildPath":true,"settingSendCookies":true,"settingStoreCookies":true,"url":"http://localhost:9999/v1/movies/8","_type":"request"},{"_id":"req_ed44a642bd1d4e4491a51345e9d78442","authentication":{},"body":{"mimeType":"application/json","text":"{\n  \"name\": \"Interstellar\",\n  \"year\": 2019\n}"},"created":1590739318156,"description":"","headers":[{"description":"","id":"pair_221651f52b2f4e4baf94e558700a4b8c","name":"Accept","value":"application/json"},{"description":"","id":"pair_d491e78b1dc34644bc56f8cb1fdebf55","name":"Content-Type","value":"application/json"}],"isPrivate":false,"metaSortKey":-1590663076884,"method":"POST","modified":1590739318156,"name":"POST movie (201)","parameters":[],"parentId":"fld_f3b69bde32334bb1a5de7982bb7997f0","settingDisableRenderRequestBody":false,"settingEncodeUrl":true,"settingFollowRedirects":"global","settingRebuildPath":true,"settingSendCookies":true,"settingStoreCookies":true,"url":"http://localhost:9999/v1/movies","_type":"request"},{"_id":"req_1a5977cd796940e0be849a848705db34","authentication":{},"body":{"mimeType":"application/xml","text":"<?xml version=\"1.0\" encoding=\"UTF-8\" standalone=\"yes\"?>\n<movie>\n  <name>Time</name>\n</movie>"},"created":1590739318165,"description":"","headers":[{"id":"pair_45e165f62a2240a69dc9d0f4429f1b33","name":"Content-Type","value":"application/xml"}],"isPrivate":false,"metaSortKey":-1590663076834,"method":"POST","modified":1590739318165,"name":"POST movie (415)","parameters":[],"parentId":"fld_f3b69bde32334bb1a5de7982bb7997f0","settingDisableRenderRequestBody":false,"settingEncodeUrl":true,"settingFollowRedirects":"global","settingRebuildPath":true,"settingSendCookies":true,"settingStoreCookies":true,"url":"http://localhost:9999/v1/movies","_type":"request"},{"_id":"req_81ee1421c3cc4e87b312287ca8ae4360","authentication":{},"body":{},"created":1590739318183,"description":"","headers":[],"isPrivate":false,"metaSortKey":-1590663076784,"method":"POST","modified":1590739318183,"name":"POST movie (400)","parameters":[],"parentId":"fld_f3b69bde32334bb1a5de7982bb7997f0","settingDisableRenderRequestBody":false,"settingEncodeUrl":true,"settingFollowRedirects":"global","settingRebuildPath":true,"settingSendCookies":true,"settingStoreCookies":true,"url":"http://localhost:9999/v1/movies","_type":"request"},{"_id":"req_15e863ab77de4497a77ba8a2b1b373b7","authentication":{},"body":{},"created":1590739318205,"description":"","headers":[],"isPrivate":false,"metaSortKey":-1590663076734,"method":"OPTIONS","modified":1590739318205,"name":"OPTIONS movies (200)","parameters":[],"parentId":"fld_f3b69bde32334bb1a5de7982bb7997f0","settingDisableRenderRequestBody":false,"settingEncodeUrl":true,"settingFollowRedirects":"global","settingRebuildPath":true,"settingSendCookies":true,"settingStoreCookies":true,"url":"http://localhost:9999/v1/movies","_type":"request"},{"_id":"req_d3c691efe67a439db794bc51e67e98e4","authentication":{},"body":{},"created":1590739340817,"description":"","headers":[{"description":"","id":"pair_db2b736d1a90468981d5e97dd4c2f717","name":"Accept","value":"application/json"}],"isPrivate":false,"metaSortKey":-1590667201464,"method":"GET","modified":1590739340817,"name":"GET cats (200)","parameters":[],"parentId":"fld_c3a8971696e24cd98d541fcf7035b1a8","settingDisableRenderRequestBody":false,"settingEncodeUrl":true,"settingFollowRedirects":"global","settingRebuildPath":true,"settingSendCookies":true,"settingStoreCookies":true,"url":"http://localhost:9999/v1/cats","_type":"request"},{"_id":"fld_c3a8971696e24cd98d541fcf7035b1a8","created":1590739340805,"description":"","environment":{},"environmentPropertyOrder":null,"metaSortKey":-1590581394857,"modified":1590739340972,"name":"Cats","parentId":"wrk_7a6396c3faa54e9fbb7138421217c4b7","_type":"request_group"},{"_id":"req_2c527fcd180f442b933ed35e6e266587","authentication":{},"body":{},"created":1590739340841,"description":"","headers":[],"isPrivate":false,"metaSortKey":-1590667201414,"method":"GET","modified":1590739340841,"name":"GET cats pagination (200)","parameters":[],"parentId":"fld_c3a8971696e24cd98d541fcf7035b1a8","settingDisableRenderRequestBody":false,"settingEncodeUrl":true,"settingFollowRedirects":"global","settingRebuildPath":true,"settingSendCookies":true,"settingStoreCookies":true,"url":"http://localhost:9999/v1/cats?page=2&pageLimit=3","_type":"request"},{"_id":"req_9e957ad5ccd04b2aad7d7786f392b826","authentication":{},"body":{},"created":1590739340878,"description":"","headers":[],"isPrivate":false,"metaSortKey":-1590667201364,"method":"GET","modified":1590739340878,"name":"GET cats pagination (400)","parameters":[],"parentId":"fld_c3a8971696e24cd98d541fcf7035b1a8","settingDisableRenderRequestBody":false,"settingEncodeUrl":true,"settingFollowRedirects":"global","settingRebuildPath":true,"settingSendCookies":true,"settingStoreCookies":true,"url":"http://localhost:9999/v1/cats?page=-2&pageLimit=3","_type":"request"},{"_id":"req_0422e5456869452bad888db415cd4c4b","authentication":{},"body":{},"created":1590739340910,"description":"","headers":[],"isPrivate":false,"metaSortKey":-1590667201339,"method":"GET","modified":1590739340910,"name":"GET cat (200)","parameters":[],"parentId":"fld_c3a8971696e24cd98d541fcf7035b1a8","settingDisableRenderRequestBody":false,"settingEncodeUrl":true,"settingFollowRedirects":"global","settingRebuildPath":true,"settingSendCookies":true,"settingStoreCookies":true,"url":"http://localhost:9999/v1/cats/1","_type":"request"},{"_id":"req_165c8dd4cee849f691d340124d0d9295","authentication":{},"body":{},"created":1590739340934,"description":"","headers":[{"description":"","id":"pair_8c58d22afa034a51aad233f7824fc9c2","name":"Accept","value":"text/plain"}],"isPrivate":false,"metaSortKey":-1590667201332.75,"method":"GET","modified":1590739340934,"name":"GET cat - custom media type (200)","parameters":[],"parentId":"fld_c3a8971696e24cd98d541fcf7035b1a8","settingDisableRenderRequestBody":false,"settingEncodeUrl":true,"settingFollowRedirects":"global","settingRebuildPath":true,"settingSendCookies":true,"settingStoreCookies":true,"url":"http://localhost:9999/v1/cats/1","_type":"request"},{"_id":"req_4aeafc6ebefe42398d8a185d6c1e314c","authentication":{},"body":{},"created":1590739340917,"description":"","headers":[],"isPrivate":false,"metaSortKey":-1590667201326.5,"method":"GET","modified":1590739340917,"name":"GET cat (404)","parameters":[],"parentId":"fld_c3a8971696e24cd98d541fcf7035b1a8","settingDisableRenderRequestBody":false,"settingEncodeUrl":true,"settingFollowRedirects":"global","settingRebuildPath":true,"settingSendCookies":true,"settingStoreCookies":true,"url":"http://localhost:9999/v1/cats/15","_type":"request"},{"_id":"req_fe1567c6357d4b1ea200a21ca605ea6e","authentication":{},"body":{},"created":1590739340923,"description":"","headers":[{"description":"","id":"pair_d3b9529af8ec45e19e6f266ad491b673","name":"Accept","value":"application/xml"}],"isPrivate":false,"metaSortKey":-1590667201320.25,"method":"GET","modified":1590739340923,"name":"GET search (200)","parameters":[],"parentId":"fld_c3a8971696e24cd98d541fcf7035b1a8","settingDisableRenderRequestBody":false,"settingEncodeUrl":true,"settingFollowRedirects":"global","settingRebuildPath":true,"settingSendCookies":true,"settingStoreCookies":true,"url":"http://localhost:9999/v1/cats/search?movie=Garfield","_type":"request"},{"_id":"req_3f253a994bde4f2e9c136305739429b1","authentication":{},"body":{},"created":1590739340926,"description":"","headers":[{"description":"","id":"pair_d3b9529af8ec45e19e6f266ad491b673","name":"Accept","value":"application/json"}],"isPrivate":false,"metaSortKey":-1590667201317.125,"method":"GET","modified":1590739340926,"name":"GET search (406)","parameters":[],"parentId":"fld_c3a8971696e24cd98d541fcf7035b1a8","settingDisableRenderRequestBody":false,"settingEncodeUrl":true,"settingFollowRedirects":"global","settingRebuildPath":true,"settingSendCookies":true,"settingStoreCookies":true,"url":"http://localhost:9999/v1/cats/search?movie=Garfield","_type":"request"},{"_id":"req_cb93ba4216a346bbbd6c007e7bb7ca26","authentication":{},"body":{"mimeType":"application/json","text":"{\n  \"popularity\": \"A\",\n  \"name\": \"Mufasa\",\n  \"movies\": [\n    {\n\t\t\t\"name\": \"The Lion King\",\n\t\t\t\"year\": 1994\n\t\t},\n\t\t{\n\t\t\t\"name\": \"Mufasa is the king\",\n\t\t\t\"year\": 2100\n\t\t}\n  ],\n  \"imageUrl\": \"https://www.glamour.de/var/condenast/storage/images/media/images/artikelbilder/stars-bilder/mufasa_aufmacher/14382499-1-ger-DE/mufasa_aufmacher_generic_huge.jpg\"\n}"},"created":1590739340930,"description":"","headers":[{"id":"pair_80fb488381ef4f078a7fd4aad1b06105","name":"Content-Type","value":"application/json"}],"isPrivate":false,"metaSortKey":-1590667201315.5625,"method":"POST","modified":1590739340930,"name":"POST cat (201)","parameters":[],"parentId":"fld_c3a8971696e24cd98d541fcf7035b1a8","settingDisableRenderRequestBody":false,"settingEncodeUrl":true,"settingFollowRedirects":"global","settingRebuildPath":true,"settingSendCookies":true,"settingStoreCookies":true,"url":"http://localhost:9999/v1/cats","_type":"request"},{"_id":"req_e5d3b05810ae415aa2884264ae36c550","authentication":{},"body":{"mimeType":"application/json","text":"{\n  \"popularity\": \"B\",\n  \"name\": \"Mufasa\",\n  \"movies\": [\n    {\n\t\t\t\"name\": \"The Lion King\",\n\t\t\t\"year\": 1994\n\t\t},\t\t{\n\t\t\t\"name\": \"Mufasa is the king\",\n\t\t\t\"year\": 2000\n\t\t}\n  ],\n  \"imageUrl\": \"https://www.glamour.de/var/condenast/storage/images/media/images/artikelbilder/stars-bilder/mufasa_aufmacher/14382499-1-ger-DE/mufasa_aufmacher_generic_huge.jpg\"\n}"},"created":1590739340942,"description":"","headers":[{"id":"pair_d0486e1a024842f084183a26cd21541b","name":"Content-Type","value":"application/json"},{"description":"","id":"pair_e2a96c6d87f14fecbe9659f1bc3e43b5","name":"Accept","value":"application/json"}],"isPrivate":false,"metaSortKey":-1590667201315.3672,"method":"PUT","modified":1590739340942,"name":"PUT cat (200)","parameters":[],"parentId":"fld_c3a8971696e24cd98d541fcf7035b1a8","settingDisableRenderRequestBody":false,"settingEncodeUrl":true,"settingFollowRedirects":"global","settingRebuildPath":true,"settingSendCookies":true,"settingStoreCookies":true,"url":"http://localhost:9999/v1/cats/11","_type":"request"},{"_id":"req_79e4cf5099174623ad38717e293684b8","authentication":{},"body":{"mimeType":"application/json","text":"{\n  \"popularity\": \"B\",\n  \"name\": \"Mufasa\",\n  \"movies\": [\n    {\n\t\t\t\"name\": \"The Lion King\",\n\t\t\t\"year\": 1994\n\t\t},\t\t{\n\t\t\t\"name\": \"Mufasa is the king\",\n\t\t\t\"year\": 2000\n\t\t}\n  ],\n  \"imageUrl\": \"https://www.glamour.de/var/condenast/storage/images/media/images/artikelbilder/stars-bilder/mufasa_aufmacher/14382499-1-ger-DE/mufasa_aufmacher_generic_huge.jpg\"\n}"},"created":1590739340945,"description":"","headers":[{"id":"pair_d0486e1a024842f084183a26cd21541b","name":"Content-Type","value":"application/json"},{"description":"","id":"pair_e2a96c6d87f14fecbe9659f1bc3e43b5","name":"Accept","value":"application/json"}],"isPrivate":false,"metaSortKey":-1590667201315.2695,"method":"PUT","modified":1590739340945,"name":"PUT cat (404)","parameters":[],"parentId":"fld_c3a8971696e24cd98d541fcf7035b1a8","settingDisableRenderRequestBody":false,"settingEncodeUrl":true,"settingFollowRedirects":"global","settingRebuildPath":true,"settingSendCookies":true,"settingStoreCookies":true,"url":"http://localhost:9999/v1/cats/17","_type":"request"},{"_id":"req_71b923ddadf643f4967c7633f8c249fd","authentication":{},"body":{},"created":1590739340939,"description":"","headers":[],"isPrivate":false,"metaSortKey":-1590667201315.1719,"method":"PUT","modified":1590739340939,"name":"PUT cat (400)","parameters":[],"parentId":"fld_c3a8971696e24cd98d541fcf7035b1a8","settingDisableRenderRequestBody":false,"settingEncodeUrl":true,"settingFollowRedirects":"global","settingRebuildPath":true,"settingSendCookies":true,"settingStoreCookies":true,"url":"http://localhost:9999/v1/cats/1","_type":"request"},{"_id":"req_bc4b18133caf40a9ba8aa027cbe9ed32","authentication":{},"body":{},"created":1590739340937,"description":"","headers":[],"isPrivate":false,"metaSortKey":-1590667201314.7812,"method":"PUT","modified":1590739340937,"name":"PUT cat (405)","parameters":[],"parentId":"fld_c3a8971696e24cd98d541fcf7035b1a8","settingDisableRenderRequestBody":false,"settingEncodeUrl":true,"settingFollowRedirects":"global","settingRebuildPath":true,"settingSendCookies":true,"settingStoreCookies":true,"url":"http://localhost:9999/v1/cats","_type":"request"},{"_id":"req_a412dc53d665438dbc21e91c65ee1fe5","authentication":{},"body":{},"created":1590739340947,"description":"","headers":[],"isPrivate":false,"metaSortKey":-1590667201314.3906,"method":"DELETE","modified":1590739340947,"name":"DELETE cat (200)","parameters":[],"parentId":"fld_c3a8971696e24cd98d541fcf7035b1a8","settingDisableRenderRequestBody":false,"settingEncodeUrl":true,"settingFollowRedirects":"global","settingRebuildPath":true,"settingSendCookies":true,"settingStoreCookies":true,"url":"http://localhost:9999/v1/cats/11","_type":"request"},{"_id":"req_840cbd7499e9412781145535e4be36fc","authentication":{},"body":{},"created":1590739340949,"description":"","headers":[],"isPrivate":false,"metaSortKey":-1590667201314.1953,"method":"DELETE","modified":1590739340949,"name":"DELETE cat (404)","parameters":[],"parentId":"fld_c3a8971696e24cd98d541fcf7035b1a8","settingDisableRenderRequestBody":false,"settingEncodeUrl":true,"settingFollowRedirects":"global","settingRebuildPath":true,"settingSendCookies":true,"settingStoreCookies":true,"url":"http://localhost:9999/v1/cats/17","_type":"request"},{"_id":"req_b4398522947548edb88837ff845af82a","authentication":{},"body":{},"created":1590739340902,"description":"","headers":[],"isPrivate":false,"metaSortKey":-1590667201314,"method":"OPTIONS","modified":1590739340902,"name":"OPTIONS cats (200)","parameters":[],"parentId":"fld_c3a8971696e24cd98d541fcf7035b1a8","settingDisableRenderRequestBody":false,"settingEncodeUrl":true,"settingFollowRedirects":"global","settingRebuildPath":true,"settingSendCookies":true,"settingStoreCookies":true,"url":"http://localhost:9999/v1/cats","_type":"request"},{"_id":"env_fc54c4b60e5d24c1f4fbb293b262ff565382c698","color":null,"created":1589298282370,"data":{},"dataPropertyOrder":null,"isPrivate":false,"metaSortKey":1589298282370,"modified":1589298282370,"name":"Base Environment","parentId":"wrk_7a6396c3faa54e9fbb7138421217c4b7","_type":"environment"},{"_id":"jar_fc54c4b60e5d24c1f4fbb293b262ff565382c698","cookies":[],"created":1589298282373,"modified":1589298282373,"name":"Default Jar","parentId":"wrk_7a6396c3faa54e9fbb7138421217c4b7","_type":"cookie_jar"},{"_id":"env_a2742c74fda746aa8e2197846dc6729b","color":null,"created":1589298292456,"data":{},"dataPropertyOrder":null,"isPrivate":false,"metaSortKey":1589298292456,"modified":1589298292456,"name":"New Environment","parentId":"env_fc54c4b60e5d24c1f4fbb293b262ff565382c698","_type":"environment"}]}